
USE inventario;
/*DATOS DE USUARIOS DEL SISTEMA*/
INSERT INTO USUARIO(USUARIO,CONTRASENA,NOMBRECOMPLETO,DPI,AREATRABAJO,TIPOUSUARIO,ESTADO) VALUES ('juan12','202cb962ac59075b964b07152d234b70','Juan Luis Pineda Gonzalez','1001202090901','Inventario',1,1);

INSERT INTO USUARIO(USUARIO,CONTRASENA,NOMBRECOMPLETO,DPI,AREATRABAJO,TIPOUSUARIO,ESTADO) VALUES ('ricardo22','202cb962ac59075b964b07152d234b70','Ricardo Augusto Menzez Pum','1888178754543','Inventario',2,1);

INSERT INTO USUARIO(USUARIO,CONTRASENA,NOMBRECOMPLETO,DPI,AREATRABAJO,TIPOUSUARIO,ESTADO) VALUES ('luis33','202cb962ac59075b964b07152d234b70','Luis Gonzalez','4444321980984','Inventario',3,1);

INSERT INTO USUARIO(USUARIO,CONTRASENA,NOMBRECOMPLETO,DPI,AREATRABAJO,TIPOUSUARIO,ESTADO) VALUES ('jorge44','202cb962ac59075b964b07152d234b70','Jorge Gordillo','1090905809890','Inventario',1,1);

INSERT INTO USUARIO(USUARIO,CONTRASENA,NOMBRECOMPLETO,DPI,AREATRABAJO,TIPOUSUARIO,ESTADO) VALUES ('chema55','202cb962ac59075b964b07152d234b70','Jose Maria Venegas','1001098909890','Inventario',2,1);

INSERT INTO USUARIO(USUARIO,CONTRASENA,NOMBRECOMPLETO,DPI,AREATRABAJO,TIPOUSUARIO,ESTADO) VALUES ('jose66','202cb962ac59075b964b07152d234b70','Jose Perez','1010203049586','Inventario',3,1);

INSERT INTO USUARIO(USUARIO,CONTRASENA,NOMBRECOMPLETO,DPI,AREATRABAJO,TIPOUSUARIO,ESTADO) VALUES ('carlos77','202cb962ac59075b964b07152d234b70','Carlos Velasquez','1001445438909','Inventario',1,1);

INSERT INTO USUARIO(USUARIO,CONTRASENA,NOMBRECOMPLETO,DPI,AREATRABAJO,TIPOUSUARIO,ESTADO) VALUES ('soberanis88','202cb962ac59075b964b07152d234b70','Carlos Soberanis','1003505056879','Inventario',2,1);

INSERT INTO USUARIO(USUARIO,CONTRASENA,NOMBRECOMPLETO,DPI,AREATRABAJO,TIPOUSUARIO,ESTADO) VALUES ('ramirez98','202cb962ac59075b964b07152d234b70','Julio Ramirez','1009089769584','Inventario',3,1);

INSERT INTO USUARIO(USUARIO,CONTRASENA,NOMBRECOMPLETO,DPI,AREATRABAJO,TIPOUSUARIO,ESTADO) VALUES ('pineda19','202cb962ac59075b964b07152d234b70','Luis Pineda','1020454543567','Inventario',1,1);

INSERT INTO USUARIO(USUARIO,CONTRASENA,NOMBRECOMPLETO,DPI,AREATRABAJO,TIPOUSUARIO,ESTADO) VALUES ('gaby28','202cb962ac59075b964b07152d234b70','Gabriela Monzon','1009908987645','Inventario',2,1);

INSERT INTO USUARIO(USUARIO,CONTRASENA,NOMBRECOMPLETO,DPI,AREATRABAJO,TIPOUSUARIO,ESTADO) VALUES ('chintia37','202cb962ac59075b964b07152d234b70','Chintia Galvez','1034567654980','Inventario',3,1);

INSERT INTO USUARIO(USUARIO,CONTRASENA,NOMBRECOMPLETO,DPI,AREATRABAJO,TIPOUSUARIO,ESTADO) VALUES ('lourdes46','202cb962ac59075b964b07152d234b70','Lourdes Gil','1003453429805','Inventario',1,1);

INSERT INTO USUARIO(USUARIO,CONTRASENA,NOMBRECOMPLETO,DPI,AREATRABAJO,TIPOUSUARIO,ESTADO) VALUES ('maria55','202cb962ac59075b964b07152d234b70','Maria Tuz','1100898760954','Inventario',2,1);

INSERT INTO USUARIO(USUARIO,CONTRASENA,NOMBRECOMPLETO,DPI,AREATRABAJO,TIPOUSUARIO,ESTADO) VALUES ('luisa64','202cb962ac59075b964b07152d234b70','Luisa San Luis','1111043456765','Inventario',3,1);

INSERT INTO USUARIO(USUARIO,CONTRASENA,NOMBRECOMPLETO,DPI,AREATRABAJO,TIPOUSUARIO,ESTADO) VALUES ('ines73','202cb962ac59075b964b07152d234b70','Ines Gordillo','1010435675324','Inventario',1,1);

INSERT INTO USUARIO(USUARIO,CONTRASENA,NOMBRECOMPLETO,DPI,AREATRABAJO,TIPOUSUARIO,ESTADO) VALUES ('diego82','202cb962ac59075b964b07152d234b70','Diego Mazariegos','1080098765309','Inventario',2,1);

INSERT INTO USUARIO(USUARIO,CONTRASENA,NOMBRECOMPLETO,DPI,AREATRABAJO,TIPOUSUARIO,ESTADO) VALUES ('jony91','202cb962ac59075b964b07152d234b70','Jony Maldonado','1001809087465','Inventario',3,1);

INSERT INTO USUARIO(USUARIO,CONTRASENA,NOMBRECOMPLETO,DPI,AREATRABAJO,TIPOUSUARIO,ESTADO) VALUES ('mendez122','202cb962ac59075b964b07152d234b70','Mario Mendez','1003586970965','Inventario',1,1);

INSERT INTO USUARIO(USUARIO,CONTRASENA,NOMBRECOMPLETO,DPI,AREATRABAJO,TIPOUSUARIO,ESTADO) VALUES ('joselito221','202cb962ac59075b964b07152d234b70','Jose Luis Top','1100405678734','Inventario',2,1);


/* DATOS DE ENCARGADOS O PERSONAL DE LA UNIVERSIDAD*/


INSERT INTO PERSONAL(NOPERSONAL,NOMBRECOMPLETO,FECHANACIMIENTO,CORREOELECTRONICO,DPI,PUESTO,ESTADO,AREATRABAJO) VALUES ('10101','Alberto Juarez','1998-02-04','alberto@cunoc.edu.gt','1100909090804','Docente',1,'Ingenieria');


INSERT INTO PERSONAL(NOPERSONAL,NOMBRECOMPLETO,FECHANACIMIENTO,CORREOELECTRONICO,DPI,PUESTO,ESTADO,AREATRABAJO) VALUES ('10102','Judith Pena','1990-03-05','judith@cunoc.edu.gt','1100909090123','Coordinador',1,'Odontologia');

INSERT INTO PERSONAL(NOPERSONAL,NOMBRECOMPLETO,FECHANACIMIENTO,CORREOELECTRONICO,DPI,PUESTO,ESTADO,AREATRABAJO) VALUES ('10104','Carlos Lam','1990-03-03','carlos@cunoc.edu.gt','1100909090124','Docente',1,'Medicina');

INSERT INTO PERSONAL(NOPERSONAL,NOMBRECOMPLETO,FECHANACIMIENTO,CORREOELECTRONICO,DPI,PUESTO,ESTADO,AREATRABAJO) VALUES ('10105','Luis Lopez','1990-03-11','luis4@cunoc.edu.gt','1100909090125','Coordinador',1,'Humanidades');

INSERT INTO PERSONAL(NOPERSONAL,NOMBRECOMPLETO,FECHANACIMIENTO,CORREOELECTRONICO,DPI,PUESTO,ESTADO,AREATRABAJO) VALUES ('10106','Marcelo Genaro','1990-03-17','Marcelo8@cunoc.edu.gt','1100909090456','Docente',1,'Odontologia');

INSERT INTO PERSONAL(NOPERSONAL,NOMBRECOMPLETO,FECHANACIMIENTO,CORREOELECTRONICO,DPI,PUESTO,ESTADO,AREATRABAJO) VALUES ('10107','Werner Martines','1990-03-18','werner9@cunoc.edu.gt','1100909090897','Coordinador',1,'Medicina');

INSERT INTO PERSONAL(NOPERSONAL,NOMBRECOMPLETO,FECHANACIMIENTO,CORREOELECTRONICO,DPI,PUESTO,ESTADO,AREATRABAJO) VALUES ('10108','Gonzalo Gruz','1990-03-19','gonzalo1@cunoc.edu.gt','1100909090444','Docente',1,'Economicas');

INSERT INTO PERSONAL(NOPERSONAL,NOMBRECOMPLETO,FECHANACIMIENTO,CORREOELECTRONICO,DPI,PUESTO,ESTADO,AREATRABAJO) VALUES ('10109','Guillermo loz','1990-03-20','guillermo2@cunoc.edu.gt','1100909096543','Coordinador',1,'Odontologia');

INSERT INTO PERSONAL(NOPERSONAL,NOMBRECOMPLETO,FECHANACIMIENTO,CORREOELECTRONICO,DPI,PUESTO,ESTADO,AREATRABAJO) VALUES ('10110','Manuel lozano','1990-03-21','manuel3@cunoc.edu.gt','1002405960980','Docente',1,'Ingenieria');

INSERT INTO PERSONAL(NOPERSONAL,NOMBRECOMPLETO,FECHANACIMIENTO,CORREOELECTRONICO,DPI,PUESTO,ESTADO,AREATRABAJO) VALUES ('10111','Juana Cuba','1990-03-22','juana5@cunoc.edu.gt','1002405960232','Coordinador',1,'Medicina');

INSERT INTO PERSONAL(NOPERSONAL,NOMBRECOMPLETO,FECHANACIMIENTO,CORREOELECTRONICO,DPI,PUESTO,ESTADO,AREATRABAJO) VALUES ('10112','Merida Lara','1990-03-23','merida8@cunoc.edu.gt','1002405964537','Docente',1,'Humanidades');

INSERT INTO PERSONAL(NOPERSONAL,NOMBRECOMPLETO,FECHANACIMIENTO,CORREOELECTRONICO,DPI,PUESTO,ESTADO,AREATRABAJO) VALUES ('10113','America Tara','1990-03-24','america9@cunoc.edu.gt','1002405969090','Coordinador',1,'Odontologia');

INSERT INTO PERSONAL(NOPERSONAL,NOMBRECOMPLETO,FECHANACIMIENTO,CORREOELECTRONICO,DPI,PUESTO,ESTADO,AREATRABAJO) VALUES ('10114','Max Cerna','1990-03-25','maxcerna@cunoc.edu.gt','1002405963303','Docente',1,'Ingenieria');

INSERT INTO PERSONAL(NOPERSONAL,NOMBRECOMPLETO,FECHANACIMIENTO,CORREOELECTRONICO,DPI,PUESTO,ESTADO,AREATRABAJO) VALUES ('10115','Cristobal Colon','1990-03-26','cristonal@cunoc.edu.gt','1002405963444','Coordinador',1,'Medicina');

INSERT INTO PERSONAL(NOPERSONAL,NOMBRECOMPLETO,FECHANACIMIENTO,CORREOELECTRONICO,DPI,PUESTO,ESTADO,AREATRABAJO) VALUES ('10116','Mauricio Fernandez','1990-03-27','mauricio90@cunoc.edu.gt','1002405963990','Docente',1,'Humanidades');



/*DATOS DE PROVEEDORES*/

INSERT INTO PROVEEDOR(NIT,NOMBRE,DIRECCION,AREATRABAJO,TELEFONO) VALUES (10123452,'Primor S.A','Quetzaltenango','Electronica','77718080');
INSERT INTO PROVEEDOR(NIT,NOMBRE,DIRECCION,AREATRABAJO,TELEFONO) VALUES (20445433,'Spirit Computacion','10-10 Guatemala','Electronica','77711010');
INSERT INTO PROVEEDOR(NIT,NOMBRE,DIRECCION,AREATRABAJO,TELEFONO) VALUES (30090384,'Intelaf','2da calle 1-19Quetzaltenango','Tienda','77712020');
INSERT INTO PROVEEDOR(NIT,NOMBRE,DIRECCION,AREATRABAJO,TELEFONO) VALUES (40074635,'Junini','3ra ave 3-80 Quetzaltenango','Ferreteria','77713020');
INSERT INTO PROVEEDOR(NIT,NOMBRE,DIRECCION,AREATRABAJO,TELEFONO) VALUES (50084720,'Xelapan','4ta ave 7 calle Quetzaltenango','Comercio','77714090');
INSERT INTO PROVEEDOR(NIT,NOMBRE,DIRECCION,AREATRABAJO,TELEFONO) VALUES (60058495,'San Martin','9 calle esquina Quetzaltenango','Abarroteria','77715090');
INSERT INTO PROVEEDOR(NIT,NOMBRE,DIRECCION,AREATRABAJO,TELEFONO) VALUES (70030908,'Desinfecan','2da calle Quetzaltenango','Desinfectantes','77716090');
INSERT INTO PROVEEDOR(NIT,NOMBRE,DIRECCION,AREATRABAJO,TELEFONO) VALUES (80089090,'Ferreteria el dia','90 ave 8-9Quetzaltenango','Ferreteria','77717090');
INSERT INTO PROVEEDOR(NIT,NOMBRE,DIRECCION,AREATRABAJO,TELEFONO) VALUES (90022223,'Cemaco','20ave 1-02 Quetzaltenango','Supermercado','77718090');
INSERT INTO PROVEEDOR(NIT,NOMBRE,DIRECCION,AREATRABAJO,TELEFONO) VALUES (18145431,'La torre','11 calle 20 ave Quetzaltenango','Supermercado','77719333');


/*CODIGOS DE TIPOS DE BIEN*/
INSERT INTO TIPOBIEN VALUES('A','Electronico');
INSERT INTO TIPOBIEN VALUES('B','Electrodomestico');
INSERT INTO TIPOBIEN VALUES('C','Comida');
INSERT INTO TIPOBIEN VALUES('D','Ferreteria');
INSERT INTO TIPOBIEN VALUES('E','Bodega');
INSERT INTO TIPOBIEN VALUES('F','Electrico');
INSERT INTO TIPOBIEN VALUES('G','Mecanico');
INSERT INTO TIPOBIEN VALUES('H','Industrial');
INSERT INTO TIPOBIEN VALUES('I','Equipo');
INSERT INTO TIPOBIEN VALUES('J','Pupitres');




/*CREACION DE BIENES*/


/*COMPRA*/


INSERT INTO BIEN(NoInventario,Usuario,NoTarjeta,UnidadAcademica,Letra,NumeroElemento,AnioIngreso,TipoBien,Descripcion,NoFactura ,FechaFactura,NoSolicitudCompra,NoOrdenCompra,NoCUR,ValorBien
                        ,Division,EncargadoInicial,EncargadoActual,TipoIngreso,EntidadCompra,EstadoActual,Proveedor,Procedencia,NoTranscripcion,CorrelativoInscripcion,NumeroActa)
                        VALUES ('12-A-1-2020','admin','12-A-1-2020','12','A','1','2020','A','MOUSE INALAMBRICO','1','2020-01-02','1','1','1',100,'Ingenieria','10110','10110',1,1,'1','10123452','---','---','---','---');
                        
INSERT INTO BIEN(NoInventario,Usuario,NoTarjeta,UnidadAcademica,Letra,NumeroElemento,AnioIngreso,TipoBien,Descripcion,NoFactura ,FechaFactura,NoSolicitudCompra,NoOrdenCompra,NoCUR,ValorBien
                        ,Division,EncargadoInicial,EncargadoActual,TipoIngreso,EntidadCompra,EstadoActual,Proveedor,Procedencia,NoTranscripcion,CorrelativoInscripcion,NumeroActa)
                        VALUES ('12-A-2-2020','admin','12-A-2-2020','12','A','2','2020','A','TECLADO DE OFICINA','1','2020-01-02','1','1','1',300,'Odontologia','10112','10112',1,1,'1','10123452','---','---','---','---');
                        
                        INSERT INTO BIEN(NoInventario,Usuario,NoTarjeta,UnidadAcademica,Letra,NumeroElemento,AnioIngreso,TipoBien,Descripcion,NoFactura ,FechaFactura,NoSolicitudCompra,NoOrdenCompra,NoCUR,ValorBien
                        ,Division,EncargadoInicial,EncargadoActual,TipoIngreso,EntidadCompra,EstadoActual,Proveedor,Procedencia,NoTranscripcion,CorrelativoInscripcion,NumeroActa)
                        VALUES ('12-A-3-2020','admin','12-A-3-2020','12','A','3','2020','A','PANTALLA LED','2','2020-02-02','1','2','2',200,'Economicas','10108','10108',1,1,'1','20445433','---','---','---','---');
                        
                        INSERT INTO BIEN(NoInventario,Usuario,NoTarjeta,UnidadAcademica,Letra,NumeroElemento,AnioIngreso,TipoBien,Descripcion,NoFactura ,FechaFactura,NoSolicitudCompra,NoOrdenCompra,NoCUR,ValorBien
                        ,Division,EncargadoInicial,EncargadoActual,TipoIngreso,EntidadCompra,EstadoActual,Proveedor,Procedencia,NoTranscripcion,CorrelativoInscripcion,NumeroActa)
                        VALUES ('12-A-4-2020','admin','12-A-4-2020','12','A','4','2020','A','PANTALLA DE OFICINA','2','2020-02-02','1','2','2',250,'Medicina','10115','10115',1,1,'1','20445433','---','---','---','---');
                        
                        INSERT INTO BIEN(NoInventario,Usuario,NoTarjeta,UnidadAcademica,Letra,NumeroElemento,AnioIngreso,TipoBien,Descripcion,NoFactura ,FechaFactura,NoSolicitudCompra,NoOrdenCompra,NoCUR,ValorBien
                        ,Division,EncargadoInicial,EncargadoActual,TipoIngreso,EntidadCompra,EstadoActual,Proveedor,Procedencia,NoTranscripcion,CorrelativoInscripcion,NumeroActa)
                        VALUES ('12-A-5-2020','admin','12-A-5-2020','12','A','5','2020','A','MOUSE DE OFICINA','2','2020-02-02','1','2','2',210,'Ingenieria','10114','10114',1,1,'1','20445433','---','---','---','---');
                        
                        

                        
                        
/*TRASLADO*/

INSERT INTO BIEN(NoInventario,Usuario,NoTarjeta,UnidadAcademica,Letra,NumeroElemento,AnioIngreso,TipoBien,Descripcion,NoCUR,ValorBien
                        ,Division,EncargadoInicial,EncargadoActual,TipoIngreso,EstadoActual,Proveedor,Procedencia,NoTranscripcion,CorrelativoInscripcion,NumeroActa)
                        VALUES ('12-B-1-2020','admin','12-B-1-2020','12','B','1','2020','B','ESTUFA','2',100,'Ingenieria','10114','10114',2,'1','00000000','---','---','---','---');
                        
INSERT INTO BIEN(NoInventario,Usuario,NoTarjeta,UnidadAcademica,Letra,NumeroElemento,AnioIngreso,TipoBien,Descripcion,NoCUR,ValorBien
                        ,Division,EncargadoInicial,EncargadoActual,TipoIngreso,EstadoActual,Proveedor,Procedencia,NoTranscripcion,CorrelativoInscripcion,NumeroActa)
                        VALUES ('12-B-2-2020','admin','12-B-2-2020','12','B','2','2020','B','REFRIGERADORA','1',300,'Odontologia','10102','10102',2,'1','00000000','---','---','---','---');
                        
                        INSERT INTO BIEN(NoInventario,Usuario,NoTarjeta,UnidadAcademica,Letra,NumeroElemento,AnioIngreso,TipoBien,Descripcion,NoCUR,ValorBien
                        ,Division,EncargadoInicial,EncargadoActual,TipoIngreso,EstadoActual,Proveedor,Procedencia,NoTranscripcion,CorrelativoInscripcion,NumeroActa)
                        VALUES ('12-B-3-2020','admin','12-B-3-2020','12','B','3','2020','B','ESTAFA MEJORADA','2',200,'Economicas','10108','10108',2,'1','00000000','---','---','---','---');
                        
                        INSERT INTO BIEN(NoInventario,Usuario,NoTarjeta,UnidadAcademica,Letra,NumeroElemento,AnioIngreso,TipoBien,Descripcion,NoCUR,ValorBien
                        ,Division,EncargadoInicial,EncargadoActual,TipoIngreso,EstadoActual,Proveedor,Procedencia,NoTranscripcion,CorrelativoInscripcion,NumeroActa)
                        VALUES ('12-B-4-2020','admin','12-B-4-2020','12','B','4','2020','B','REFRIGERADORA MEJORADA','2',250,'Medicina','10115','10115',2,'1','00000000','---','---','---','---');
                        
                        INSERT INTO BIEN(NoInventario,Usuario,NoTarjeta,UnidadAcademica,Letra,NumeroElemento,AnioIngreso,TipoBien,Descripcion,NoCUR,ValorBien
                        ,Division,EncargadoInicial,EncargadoActual,TipoIngreso,EstadoActual,Proveedor,Procedencia,NoTranscripcion,CorrelativoInscripcion,NumeroActa)
                        VALUES ('12-B-5-2020','admin','12-B-5-2020','12','B','5','2020','B','LICUADORA','2',210,'Humanidades','10114','10114',2,'1','00000000','---','---','---','---');
                        
                        
/*DONACION*/

INSERT INTO BIEN(NoInventario,Usuario,NoTarjeta,UnidadAcademica,Letra,NumeroElemento,AnioIngreso,TipoBien,Descripcion,NoCUR,ValorBien
                        ,Division,EncargadoInicial,EncargadoActual,TipoIngreso,EstadoActual,Proveedor,Procedencia,NoTranscripcion,CorrelativoInscripcion,NumeroActa)
                        VALUES ('12-C-1-2020','admin','12-C-1-2020','12','C','1','2020','C','1000 SOPAS','3',1000,'Ingenieria','10114','10114',3,'1','10000000','---','---','---','---');
                        
INSERT INTO BIEN(NoInventario,Usuario,NoTarjeta,UnidadAcademica,Letra,NumeroElemento,AnioIngreso,TipoBien,Descripcion,NoCUR,ValorBien
                        ,Division,EncargadoInicial,EncargadoActual,TipoIngreso,EstadoActual,Proveedor,Procedencia,NoTranscripcion,CorrelativoInscripcion,NumeroActa)
                        VALUES ('12-C-2-2020','admin','12-C-2-2020','12','C','2','2020','C','2000 JUGOS','3',3000,'Odontologia','10112','10112',3,'1','10000000','---','---','---','---');
                        
                        INSERT INTO BIEN(NoInventario,Usuario,NoTarjeta,UnidadAcademica,Letra,NumeroElemento,AnioIngreso,TipoBien,Descripcion,NoCUR,ValorBien
                        ,Division,EncargadoInicial,EncargadoActual,TipoIngreso,EstadoActual,Proveedor,Procedencia,NoTranscripcion,CorrelativoInscripcion,NumeroActa)
                        VALUES ('12-C-3-2020','admin','12-C-3-2020','12','C','3','2020','C','300 POPOTES','4',2000,'Economicas','10108','10108',3,'1','10000000','---','---','---','---');
                        
                        INSERT INTO BIEN(NoInventario,Usuario,NoTarjeta,UnidadAcademica,Letra,NumeroElemento,AnioIngreso,TipoBien,Descripcion,NoCUR,ValorBien
                        ,Division,EncargadoInicial,EncargadoActual,TipoIngreso,EstadoActual,Proveedor,Procedencia,NoTranscripcion,CorrelativoInscripcion,NumeroActa)
                        VALUES ('12-C-4-2020','admin','12-C-4-2020','12','C','4','2020','C','100 COCA COLAS','4',2050,'Medicina','10115','10115',3,'1','10000000','---','---','---','---');
                        
                        INSERT INTO BIEN(NoInventario,Usuario,NoTarjeta,UnidadAcademica,Letra,NumeroElemento,AnioIngreso,TipoBien,Descripcion,NoCUR,ValorBien
                        ,Division,EncargadoInicial,EncargadoActual,TipoIngreso,EstadoActual,Proveedor,Procedencia,NoTranscripcion,CorrelativoInscripcion,NumeroActa)
                        VALUES ('12-C-5-2020','admin','12-C-5-2020','12','C','5','2020','C','200 PAPAS LAYS','4',2010,'Humanidades','10114','10114',3,'1','10000000','---','---','---','---');
                        
                        
/*COMPRA*/

INSERT INTO BIEN(NoInventario,Usuario,NoTarjeta,UnidadAcademica,Letra,NumeroElemento,AnioIngreso,TipoBien,Descripcion,NoFactura ,FechaFactura,NoSolicitudCompra,NoOrdenCompra,NoCUR,ValorBien
                        ,Division,EncargadoInicial,EncargadoActual,TipoIngreso,EntidadCompra,EstadoActual,Proveedor,Procedencia,NoTranscripcion,CorrelativoInscripcion,NumeroActa)
                        VALUES ('12-D-1-2020','admin','12-D-1-2020','12','D','1','2020','D','TALADRO','6','2020-04-02','6','6','6',100,'Ingenieria','10110','10110',1,1,'1','40074635','---','---','---','---');
                        
INSERT INTO BIEN(NoInventario,Usuario,NoTarjeta,UnidadAcademica,Letra,NumeroElemento,AnioIngreso,TipoBien,Descripcion,NoFactura ,FechaFactura,NoSolicitudCompra,NoOrdenCompra,NoCUR,ValorBien
                        ,Division,EncargadoInicial,EncargadoActual,TipoIngreso,EntidadCompra,EstadoActual,Proveedor,Procedencia,NoTranscripcion,CorrelativoInscripcion,NumeroActa)
                        VALUES ('12-D-2-2020','admin','12-D-2-2020','12','D','2','2020','D','100 CLAVOS','6','2020-04-02','6','6','6',300,'Odontologia','10112','10112',1,1,'1','40074635','---','---','---','---');
                        
                        INSERT INTO BIEN(NoInventario,Usuario,NoTarjeta,UnidadAcademica,Letra,NumeroElemento,AnioIngreso,TipoBien,Descripcion,NoFactura ,FechaFactura,NoSolicitudCompra,NoOrdenCompra,NoCUR,ValorBien
                        ,Division,EncargadoInicial,EncargadoActual,TipoIngreso,EntidadCompra,EstadoActual,Proveedor,Procedencia,NoTranscripcion,CorrelativoInscripcion,NumeroActa)
                        VALUES ('12-D-3-2020','admin','12-D-3-2020','12','D','3','2020','D','100 TACHUELAS','7','2020-04-02','7','7','7',200,'Economicas','10108','10108',1,1,'1','40074635','---','---','---','---');
                        
                        INSERT INTO BIEN(NoInventario,Usuario,NoTarjeta,UnidadAcademica,Letra,NumeroElemento,AnioIngreso,TipoBien,Descripcion,NoFactura ,FechaFactura,NoSolicitudCompra,NoOrdenCompra,NoCUR,ValorBien
                        ,Division,EncargadoInicial,EncargadoActual,TipoIngreso,EntidadCompra,EstadoActual,Proveedor,Procedencia,NoTranscripcion,CorrelativoInscripcion,NumeroActa)
                        VALUES ('12-D-4-2020','admin','12-D-4-2020','12','D','4','2020','D','10 LAMINAS','7','2020-04-02','7','7','7',250,'Medicina','10115','10115',1,1,'1','40074635','---','---','---','---');
                        
                        INSERT INTO BIEN(NoInventario,Usuario,NoTarjeta,UnidadAcademica,Letra,NumeroElemento,AnioIngreso,TipoBien,Descripcion,NoFactura ,FechaFactura,NoSolicitudCompra,NoOrdenCompra,NoCUR,ValorBien
                        ,Division,EncargadoInicial,EncargadoActual,TipoIngreso,EntidadCompra,EstadoActual,Proveedor,Procedencia,NoTranscripcion,CorrelativoInscripcion,NumeroActa)
                        VALUES ('12-D-5-2020','admin','12-D-5-2020','12','D','5','2020','D','3 GALONES DE PINTURA','7','2020-04-02','7','7','7',210,'Ingenieria','10114','10114',1,1,'1','40074635','---','---','---','---');
                                   
                   
/*TRASLADO*/

INSERT INTO BIEN(NoInventario,Usuario,NoTarjeta,UnidadAcademica,Letra,NumeroElemento,AnioIngreso,TipoBien,Descripcion,NoCUR,ValorBien
                        ,Division,EncargadoInicial,EncargadoActual,TipoIngreso,EstadoActual,Proveedor,Procedencia,NoTranscripcion,CorrelativoInscripcion,NumeroActa)
                        VALUES ('12-E-1-2020','admin','12-E-1-2020','12','E','1','2020','E','10 LITROS MERCURIO','8',100,'Ingenieria','10114','10114',2,'1','00000000','---','---','---','---');
                        
INSERT INTO BIEN(NoInventario,Usuario,NoTarjeta,UnidadAcademica,Letra,NumeroElemento,AnioIngreso,TipoBien,Descripcion,NoCUR,ValorBien
                        ,Division,EncargadoInicial,EncargadoActual,TipoIngreso,EstadoActual,Proveedor,Procedencia,NoTranscripcion,CorrelativoInscripcion,NumeroActa)
                        VALUES ('12-E-2-2020','admin','12-E-2-2020','12','E','2','2020','E','10 LITROS DE CLORO','8',300,'Odontologia','10112','10112',2,'1','00000000','---','---','---','---');
                        
                        INSERT INTO BIEN(NoInventario,Usuario,NoTarjeta,UnidadAcademica,Letra,NumeroElemento,AnioIngreso,TipoBien,Descripcion,NoCUR,ValorBien
                        ,Division,EncargadoInicial,EncargadoActual,TipoIngreso,EstadoActual,Proveedor,Procedencia,NoTranscripcion,CorrelativoInscripcion,NumeroActa)
                        VALUES ('12-E-3-2020','admin','12-E-3-2020','12','E','3','2020','E','10 LITROS DE AMINOACIDO','8',200,'Economicas','10108','10108',2,'1','00000000','---','---','---','---');
                        
                        INSERT INTO BIEN(NoInventario,Usuario,NoTarjeta,UnidadAcademica,Letra,NumeroElemento,AnioIngreso,TipoBien,Descripcion,NoCUR,ValorBien
                        ,Division,EncargadoInicial,EncargadoActual,TipoIngreso,EstadoActual,Proveedor,Procedencia,NoTranscripcion,CorrelativoInscripcion,NumeroActa)
                        VALUES ('12-E-4-2020','admin','12-E-4-2020','12','E','4','2020','E','10 LITROS DE ALCOHOL','8',250,'Medicina','10115','10115',2,'1','00000000','---','---','---','---');
                        
                        INSERT INTO BIEN(NoInventario,Usuario,NoTarjeta,UnidadAcademica,Letra,NumeroElemento,AnioIngreso,TipoBien,Descripcion,NoCUR,ValorBien
                        ,Division,EncargadoInicial,EncargadoActual,TipoIngreso,EstadoActual,Proveedor,Procedencia,NoTranscripcion,CorrelativoInscripcion,NumeroActa)
                        VALUES ('12-E-5-2020','admin','12-E-5-2020','12','E','5','2020','E','10 LITROS DE AGUA PURA','8',210,'Humanidades','10114','10114',2,'1','00000000','---','---','---','---');   
                        
/*DONACION*/

INSERT INTO BIEN(NoInventario,Usuario,NoTarjeta,UnidadAcademica,Letra,NumeroElemento,AnioIngreso,TipoBien,Descripcion,NoCUR,ValorBien
                        ,Division,EncargadoInicial,EncargadoActual,TipoIngreso,EstadoActual,Proveedor,Procedencia,NoTranscripcion,CorrelativoInscripcion,NumeroActa)
                        VALUES ('12-F-1-2020','admin','12-F-1-2020','12','F','1','2020','F','1000 CABLES TIPO A','9',1000,'Ingenieria','10114','10114',3,'1','10000000','---','---','---','---');
                        
INSERT INTO BIEN(NoInventario,Usuario,NoTarjeta,UnidadAcademica,Letra,NumeroElemento,AnioIngreso,TipoBien,Descripcion,NoCUR,ValorBien
                        ,Division,EncargadoInicial,EncargadoActual,TipoIngreso,EstadoActual,Proveedor,Procedencia,NoTranscripcion,CorrelativoInscripcion,NumeroActa)
                        VALUES ('12-F-2-2020','admin','12-F-2-2020','12','F','2','2020','F','10 LAMINAS','9',3000,'Odontologia','10112','10112',3,'1','10000000','---','---','---','---');
                        
                        INSERT INTO BIEN(NoInventario,Usuario,NoTarjeta,UnidadAcademica,Letra,NumeroElemento,AnioIngreso,TipoBien,Descripcion,NoCUR,ValorBien
                        ,Division,EncargadoInicial,EncargadoActual,TipoIngreso,EstadoActual,Proveedor,Procedencia,NoTranscripcion,CorrelativoInscripcion,NumeroActa)
                        VALUES ('12-F-3-2020','admin','12-F-3-2020','12','F','3','2020','F','30 CABLES TIPO B','9',2000,'Economicas','10108','10108',3,'1','10000000','---','---','---','---');
                        
                        INSERT INTO BIEN(NoInventario,Usuario,NoTarjeta,UnidadAcademica,Letra,NumeroElemento,AnioIngreso,TipoBien,Descripcion,NoCUR,ValorBien
                        ,Division,EncargadoInicial,EncargadoActual,TipoIngreso,EstadoActual,Proveedor,Procedencia,NoTranscripcion,CorrelativoInscripcion,NumeroActa)
                        VALUES ('12-F-4-2020','admin','12-F-4-2020','12','F','4','2020','F','30 CABLES TIPO C','9',2050,'Medicina','10115','10115',3,'1','10000000','---','---','---','---');
                        
                        INSERT INTO BIEN(NoInventario,Usuario,NoTarjeta,UnidadAcademica,Letra,NumeroElemento,AnioIngreso,TipoBien,Descripcion,NoCUR,ValorBien
                        ,Division,EncargadoInicial,EncargadoActual,TipoIngreso,EstadoActual,Proveedor,Procedencia,NoTranscripcion,CorrelativoInscripcion,NumeroActa)
                        VALUES ('12-F-5-2020','admin','12-F-5-2020','12','F','5','2020','F','30 CABLES TIPO D','8',2010,'Humanidades','10114','10114',3,'1','10000000','---','---','---','---');
                                  
/*COMPRA*/

INSERT INTO BIEN(NoInventario,Usuario,NoTarjeta,UnidadAcademica,Letra,NumeroElemento,AnioIngreso,TipoBien,Descripcion,NoFactura ,FechaFactura,NoSolicitudCompra,NoOrdenCompra,NoCUR,ValorBien
                        ,Division,EncargadoInicial,EncargadoActual,TipoIngreso,EntidadCompra,EstadoActual,Proveedor,Procedencia,NoTranscripcion,CorrelativoInscripcion,NumeroActa)
                        VALUES ('12-G-1-2020','admin','12-G-1-2020','12','G','1','2020','G','10 TUERCAS TIPO A','10','2020-01-02','8','8','8',100,'Ingenieria','10110','10110',1,1,'1','90022223','---','---','---','---');
                        
INSERT INTO BIEN(NoInventario,Usuario,NoTarjeta,UnidadAcademica,Letra,NumeroElemento,AnioIngreso,TipoBien,Descripcion,NoFactura ,FechaFactura,NoSolicitudCompra,NoOrdenCompra,NoCUR,ValorBien
                        ,Division,EncargadoInicial,EncargadoActual,TipoIngreso,EntidadCompra,EstadoActual,Proveedor,Procedencia,NoTranscripcion,CorrelativoInscripcion,NumeroActa)
                        VALUES ('12-G-2-2020','admin','12-G-2-2020','12','G','2','2020','G','10 TUERCAS TIPO B','10','2020-01-02','8','8','8',300,'Odontologia','10112','10112',1,1,'1','90022223','---','---','---','---');
                        
                        INSERT INTO BIEN(NoInventario,Usuario,NoTarjeta,UnidadAcademica,Letra,NumeroElemento,AnioIngreso,TipoBien,Descripcion,NoFactura ,FechaFactura,NoSolicitudCompra,NoOrdenCompra,NoCUR,ValorBien
                        ,Division,EncargadoInicial,EncargadoActual,TipoIngreso,EntidadCompra,EstadoActual,Proveedor,Procedencia,NoTranscripcion,CorrelativoInscripcion,NumeroActa)
                        VALUES ('12-G-3-2020','admin','12-G-3-2020','12','G','3','2020','G','10 TUERCAS TIPO C','10','2020-01-02','9','9','9',200,'Economicas','10108','10108',1,1,'1','90022223','---','---','---','---');
                        
                        INSERT INTO BIEN(NoInventario,Usuario,NoTarjeta,UnidadAcademica,Letra,NumeroElemento,AnioIngreso,TipoBien,Descripcion,NoFactura ,FechaFactura,NoSolicitudCompra,NoOrdenCompra,NoCUR,ValorBien
                        ,Division,EncargadoInicial,EncargadoActual,TipoIngreso,EntidadCompra,EstadoActual,Proveedor,Procedencia,NoTranscripcion,CorrelativoInscripcion,NumeroActa)
                        VALUES ('12-G-4-2020','admin','12-G-4-2020','12','G','4','2020','G','10 TUERCAS TIPO D','10','2020-01-02','9','9','9',250,'Medicina','10115','10115',1,1,'1','90022223','---','---','---','---');
                        
                        INSERT INTO BIEN(NoInventario,Usuario,NoTarjeta,UnidadAcademica,Letra,NumeroElemento,AnioIngreso,TipoBien,Descripcion,NoFactura ,FechaFactura,NoSolicitudCompra,NoOrdenCompra,NoCUR,ValorBien
                        ,Division,EncargadoInicial,EncargadoActual,TipoIngreso,EntidadCompra,EstadoActual,Proveedor,Procedencia,NoTranscripcion,CorrelativoInscripcion,NumeroActa)
                        VALUES ('12-G-5-2020','admin','12-G-5-2020','12','G','5','2020','G','10 TUERCAS TIPO E','10','2020-01-02','9','9','9',210,'Ingenieria','10114','10114',1,1,'1','90022223','---','---','---','---');
                                              
               
/*TRASLADO*/

INSERT INTO BIEN(NoInventario,Usuario,NoTarjeta,UnidadAcademica,Letra,NumeroElemento,AnioIngreso,TipoBien,Descripcion,NoCUR,ValorBien
                        ,Division,EncargadoInicial,EncargadoActual,TipoIngreso,EstadoActual,Proveedor,Procedencia,NoTranscripcion,CorrelativoInscripcion,NumeroActa)
                        VALUES ('12-H-1-2020','admin','12-H-1-2020','12','H','1','2020','H','10 PARTES INDUSTRIALES TIPO A','10',100,'Ingenieria','10114','10114',2,'1','00000000','---','---','---','---');
                        
INSERT INTO BIEN(NoInventario,Usuario,NoTarjeta,UnidadAcademica,Letra,NumeroElemento,AnioIngreso,TipoBien,Descripcion,NoCUR,ValorBien
                        ,Division,EncargadoInicial,EncargadoActual,TipoIngreso,EstadoActual,Proveedor,Procedencia,NoTranscripcion,CorrelativoInscripcion,NumeroActa)
                        VALUES ('12-H-2-2020','admin','12-H-2-2020','12','H','2','2020','H','10 PARTES INDUSTRIALES TIPO B','10',300,'Odontologia','10112','10112',2,'1','00000000','---','---','---','---');
                        
                        INSERT INTO BIEN(NoInventario,Usuario,NoTarjeta,UnidadAcademica,Letra,NumeroElemento,AnioIngreso,TipoBien,Descripcion,NoCUR,ValorBien
                        ,Division,EncargadoInicial,EncargadoActual,TipoIngreso,EstadoActual,Proveedor,Procedencia,NoTranscripcion,CorrelativoInscripcion,NumeroActa)
                        VALUES ('12-H-3-2020','admin','12-H-3-2020','12','H','3','2020','H','10 PARTES INDUSTRIALES TIPO C','10',200,'Economicas','10108','10108',2,'1','00000000','---','---','---','---');
                        
                        INSERT INTO BIEN(NoInventario,Usuario,NoTarjeta,UnidadAcademica,Letra,NumeroElemento,AnioIngreso,TipoBien,Descripcion,NoCUR,ValorBien
                        ,Division,EncargadoInicial,EncargadoActual,TipoIngreso,EstadoActual,Proveedor,Procedencia,NoTranscripcion,CorrelativoInscripcion,NumeroActa)
                        VALUES ('12-H-4-2020','admin','12-H-4-2020','12','H','4','2020','H','10 PARTES INDUSTRIALES TIPO D','10',250,'Medicina','10115','10115',2,'1','00000000','---','---','---','---');
                        
                        INSERT INTO BIEN(NoInventario,Usuario,NoTarjeta,UnidadAcademica,Letra,NumeroElemento,AnioIngreso,TipoBien,Descripcion,NoCUR,ValorBien
                        ,Division,EncargadoInicial,EncargadoActual,TipoIngreso,EstadoActual,Proveedor,Procedencia,NoTranscripcion,CorrelativoInscripcion,NumeroActa)
                        VALUES ('12-H-5-2020','admin','12-H-5-2020','12','H','5','2020','H','10 PARTES INDUSTRIALES TIPO E','10',210,'Humanidades','10114','10114',2,'1','00000000','---','---','---','---');            
                        
                        
                        
/*DONACION*/

INSERT INTO BIEN(NoInventario,Usuario,NoTarjeta,UnidadAcademica,Letra,NumeroElemento,AnioIngreso,TipoBien,Descripcion,NoCUR,ValorBien
                        ,Division,EncargadoInicial,EncargadoActual,TipoIngreso,EstadoActual,Proveedor,Procedencia,NoTranscripcion,CorrelativoInscripcion,NumeroActa)
                        VALUES ('12-I-1-2020','admin','12-I-1-2020','12','I','1','2020','I','EQUIPO TIPO A','11',1000,'Ingenieria','10114','10114',3,'1','10000000','---','---','---','---');
                        
INSERT INTO BIEN(NoInventario,Usuario,NoTarjeta,UnidadAcademica,Letra,NumeroElemento,AnioIngreso,TipoBien,Descripcion,NoCUR,ValorBien
                        ,Division,EncargadoInicial,EncargadoActual,TipoIngreso,EstadoActual,Proveedor,Procedencia,NoTranscripcion,CorrelativoInscripcion,NumeroActa)
                        VALUES ('12-I-2-2020','admin','12-I-2-2020','12','I','2','2020','I','EQUIPO TIPO B','11',3000,'Odontologia','10112','10112',3,'1','10000000','---','---','---','---');
                        
                        INSERT INTO BIEN(NoInventario,Usuario,NoTarjeta,UnidadAcademica,Letra,NumeroElemento,AnioIngreso,TipoBien,Descripcion,NoCUR,ValorBien
                        ,Division,EncargadoInicial,EncargadoActual,TipoIngreso,EstadoActual,Proveedor,Procedencia,NoTranscripcion,CorrelativoInscripcion,NumeroActa)
                        VALUES ('12-I-3-2020','admin','12-I-3-2020','12','I','3','2020','I','EQUIPO TIPO C','11',2000,'Economicas','10108','10108',3,'1','10000000','---','---','---','---');
                        
                        INSERT INTO BIEN(NoInventario,Usuario,NoTarjeta,UnidadAcademica,Letra,NumeroElemento,AnioIngreso,TipoBien,Descripcion,NoCUR,ValorBien
                        ,Division,EncargadoInicial,EncargadoActual,TipoIngreso,EstadoActual,Proveedor,Procedencia,NoTranscripcion,CorrelativoInscripcion,NumeroActa)
                        VALUES ('12-I-4-2020','admin','12-I-4-2020','12','I','4','2020','I','EQUIPO TIPO D','11',2050,'Medicina','10115','10115',3,'1','10000000','---','---','---','---');
                        
                        INSERT INTO BIEN(NoInventario,Usuario,NoTarjeta,UnidadAcademica,Letra,NumeroElemento,AnioIngreso,TipoBien,Descripcion,NoCUR,ValorBien
                        ,Division,EncargadoInicial,EncargadoActual,TipoIngreso,EstadoActual,Proveedor,Procedencia,NoTranscripcion,CorrelativoInscripcion,NumeroActa)
                        VALUES ('12-I-5-2020','admin','12-I-5-2020','12','I','5','2020','I','EQUIPO TIPO E','11',2010,'Humanidades','10114','10114',3,'1','10000000','---','---','---','---');
     

/*compra*/
INSERT INTO BIEN(NoInventario,Usuario,NoTarjeta,UnidadAcademica,Letra,NumeroElemento,AnioIngreso,TipoBien,Descripcion,NoFactura ,FechaFactura,NoSolicitudCompra,NoOrdenCompra,NoCUR,ValorBien
                        ,Division,EncargadoInicial,EncargadoActual,TipoIngreso,EntidadCompra,EstadoActual,Proveedor,Procedencia,NoTranscripcion,CorrelativoInscripcion,NumeroActa)
                        VALUES ('12-J-1-2020','admin','12-J-1-2020','12','J','1','2020','J','100 PUPITRES TIPO A','12','2020-05-02','13','13','13',100,'Ingenieria','10110','10110',1,1,'1','50084720','---','---','---','---');
                        
INSERT INTO BIEN(NoInventario,Usuario,NoTarjeta,UnidadAcademica,Letra,NumeroElemento,AnioIngreso,TipoBien,Descripcion,NoFactura ,FechaFactura,NoSolicitudCompra,NoOrdenCompra,NoCUR,ValorBien
                        ,Division,EncargadoInicial,EncargadoActual,TipoIngreso,EntidadCompra,EstadoActual,Proveedor,Procedencia,NoTranscripcion,CorrelativoInscripcion,NumeroActa)
                        VALUES ('12-J-2-2020','admin','12-J-2-2020','12','J','2','2020','J','100 PUPITRES TIPO B','12','2020-05-02','13','13','13',300,'Odontologia','10112','10112',1,1,'1','50084720','---','---','---','---');
                        
                        INSERT INTO BIEN(NoInventario,Usuario,NoTarjeta,UnidadAcademica,Letra,NumeroElemento,AnioIngreso,TipoBien,Descripcion,NoFactura ,FechaFactura,NoSolicitudCompra,NoOrdenCompra,NoCUR,ValorBien
                        ,Division,EncargadoInicial,EncargadoActual,TipoIngreso,EntidadCompra,EstadoActual,Proveedor,Procedencia,NoTranscripcion,CorrelativoInscripcion,NumeroActa)
                        VALUES ('12-J-3-2020','admin','12-J-3-2020','12','J','3','2020','J','100 PUPITRES TIPO C','12','2020-05-02','14','14','14',200,'Economicas','10108','10108',1,1,'1','50084720','---','---','---','---');
                        
                        INSERT INTO BIEN(NoInventario,Usuario,NoTarjeta,UnidadAcademica,Letra,NumeroElemento,AnioIngreso,TipoBien,Descripcion,NoFactura ,FechaFactura,NoSolicitudCompra,NoOrdenCompra,NoCUR,ValorBien
                        ,Division,EncargadoInicial,EncargadoActual,TipoIngreso,EntidadCompra,EstadoActual,Proveedor,Procedencia,NoTranscripcion,CorrelativoInscripcion,NumeroActa)
                        VALUES ('12-J-4-2020','admin','12-J-4-2020','12','J','4','2020','J','100 PUPITRES TIPO D','12','2020-05-02','14','14','14',250,'Medicina','10115','10115',1,1,'1','50084720','---','---','---','---');
                        
                        INSERT INTO BIEN(NoInventario,Usuario,NoTarjeta,UnidadAcademica,Letra,NumeroElemento,AnioIngreso,TipoBien,Descripcion,NoFactura ,FechaFactura,NoSolicitudCompra,NoOrdenCompra,NoCUR,ValorBien
                        ,Division,EncargadoInicial,EncargadoActual,TipoIngreso,EntidadCompra,EstadoActual,Proveedor,Procedencia,NoTranscripcion,CorrelativoInscripcion,NumeroActa)
                        VALUES ('12-J-5-2020','admin','12-J-5-2020','12','J','5','2020','J','100 PUPITRES TIPO E','12','2020-05-02','14','14','14',210,'Ingenieria','10114','10114',1,1,'1','50084720','---','---','---','---');
                        
                        
                        
                        
                        
                        
                        
                        
                        
                        
/** CREACION DE TRASLADOS (MOVIMIENTOS)*/


                        
/**/
INSERT INTO TRASLADO(NOINVENTARIO,NOTARJETA, RESPONSABLENUEVO,RESPONSABLEANTERIOR,FECHATRASLADO,MOTIVOTRASLADO,DIVISION) VALUES ('12-A-1-2020','12-A-1-2020','10101','10110','2020-11-12','CAMBIO DESEADO POR LOS INVOLUCRADOS','Ingenieria');
UPDATE BIEN SET EncargadoActual='10101', division='Ingenieria' WHERE NOINVENTARIO='12-A-1-2020';

INSERT INTO TRASLADO(NOINVENTARIO,NOTARJETA, RESPONSABLENUEVO,RESPONSABLEANTERIOR,FECHATRASLADO,MOTIVOTRASLADO,DIVISION) VALUES ('12-A-1-2020','12-A-1-2020','10114','10101','2020-11-13','CAMBIO DESEADO POR LOS INVOLUCRADOS','Ingenieria');
UPDATE BIEN SET EncargadoActual='10114', division='Ingenieria' WHERE NOINVENTARIO='12-A-1-2020';

INSERT INTO TRASLADO(NOINVENTARIO,NOTARJETA, RESPONSABLENUEVO,RESPONSABLEANTERIOR,FECHATRASLADO,MOTIVOTRASLADO,DIVISION) VALUES ('12-A-1-2020','12-A-1-2020','10110','10114','2020-11-14','CAMBIO DESEADO POR LOS INVOLUCRADOS','Ingenieria');
UPDATE BIEN SET EncargadoActual='10110', division='Ingenieria' WHERE NOINVENTARIO='12-A-1-2020';

INSERT INTO TRASLADO(NOINVENTARIO,NOTARJETA, RESPONSABLENUEVO,RESPONSABLEANTERIOR,FECHATRASLADO,MOTIVOTRASLADO,DIVISION) VALUES ('12-A-1-2020','12-A-1-2020','10101','10110','2020-11-15','CAMBIO ADMINISTRATIVO','Ingenieria');
UPDATE BIEN SET EncargadoActual='10101', division='Ingenieria' WHERE NOINVENTARIO='12-A-1-2020';

INSERT INTO TRASLADO(NOINVENTARIO,NOTARJETA, RESPONSABLENUEVO,RESPONSABLEANTERIOR,FECHATRASLADO,MOTIVOTRASLADO,DIVISION) VALUES ('12-A-1-2020','12-A-1-2020','10114','10101','2020-11-16','CAMBIO ADMINISTRATIVO','Ingenieria');
UPDATE BIEN SET EncargadoActual='10114', division='Ingenieria' WHERE NOINVENTARIO='12-A-1-2020';

INSERT INTO TRASLADO(NOINVENTARIO,NOTARJETA, RESPONSABLENUEVO,RESPONSABLEANTERIOR,FECHATRASLADO,MOTIVOTRASLADO,DIVISION) VALUES ('12-A-1-2020','12-A-1-2020','10110','10114','2020-11-17','CAMBIO DESEADO POR LOS INVOLUCRADOS','Ingenieria');
UPDATE BIEN SET EncargadoActual='10110', division='Ingenieria' WHERE NOINVENTARIO='12-A-1-2020';

INSERT INTO TRASLADO(NOINVENTARIO,NOTARJETA, RESPONSABLENUEVO,RESPONSABLEANTERIOR,FECHATRASLADO,MOTIVOTRASLADO,DIVISION) VALUES ('12-A-1-2020','12-A-1-2020','10101','10110','2020-11-18','CAMBIO DESEADO POR LOS INVOLUCRADOS','Ingenieria');
UPDATE BIEN SET EncargadoActual='10101', division='Ingenieria' WHERE NOINVENTARIO='12-A-1-2020';

INSERT INTO TRASLADO(NOINVENTARIO,NOTARJETA, RESPONSABLENUEVO,RESPONSABLEANTERIOR,FECHATRASLADO,MOTIVOTRASLADO,DIVISION) VALUES ('12-A-1-2020','12-A-1-2020','10114','10101','2020-11-19','CAMBIO ADMINISTRATIVO','Ingenieria');
UPDATE BIEN SET EncargadoActual='10114', division='Ingenieria' WHERE NOINVENTARIO='12-A-1-2020';

INSERT INTO TRASLADO(NOINVENTARIO,NOTARJETA, RESPONSABLENUEVO,RESPONSABLEANTERIOR,FECHATRASLADO,MOTIVOTRASLADO,DIVISION) VALUES ('12-A-1-2020','12-A-1-2020','10110','10114','2020-11-20','CAMBIO ADMINISTRATIVO','Ingenieria');
UPDATE BIEN SET EncargadoActual='10110', division='Ingenieria' WHERE NOINVENTARIO='12-A-1-2020';

INSERT INTO TRASLADO(NOINVENTARIO,NOTARJETA, RESPONSABLENUEVO,RESPONSABLEANTERIOR,FECHATRASLADO,MOTIVOTRASLADO,DIVISION) VALUES ('12-A-1-2020','12-A-1-2020','10101','10110','2020-11-21','CAMBIO ADMINISTRATIVO','Ingenieria');
UPDATE BIEN SET EncargadoActual='10101', division='Ingenieria' WHERE NOINVENTARIO='12-A-1-2020';

INSERT INTO TRASLADO(NOINVENTARIO,NOTARJETA, RESPONSABLENUEVO,RESPONSABLEANTERIOR,FECHATRASLADO,MOTIVOTRASLADO,DIVISION) VALUES ('12-A-1-2020','12-A-1-2020','10114','10101','2020-11-22','CAMBIO ADMINISTRATIVO','Ingenieria');
UPDATE BIEN SET EncargadoActual='10114', division='Ingenieria' WHERE NOINVENTARIO='12-A-1-2020';

INSERT INTO TRASLADO(NOINVENTARIO,NOTARJETA, RESPONSABLENUEVO,RESPONSABLEANTERIOR,FECHATRASLADO,MOTIVOTRASLADO,DIVISION) VALUES ('12-A-1-2020','12-A-1-2020','10110','10114','2020-11-23','CAMBIO DESEADO POR LOS INVOLUCRADOS','Ingenieria');
UPDATE BIEN SET EncargadoActual='10110', division='Ingenieria' WHERE NOINVENTARIO='12-A-1-2020';


INSERT INTO TRASLADO(NOINVENTARIO,NOTARJETA, RESPONSABLENUEVO,RESPONSABLEANTERIOR,FECHATRASLADO,MOTIVOTRASLADO,DIVISION) VALUES ('12-A-1-2020','12-A-1-2020','10101','10110','2020-11-24','CAMBIO ADMINISTRATIVO','Ingenieria');
UPDATE BIEN SET EncargadoActual='10101', division='Ingenieria' WHERE NOINVENTARIO='12-A-1-2020';

INSERT INTO TRASLADO(NOINVENTARIO,NOTARJETA, RESPONSABLENUEVO,RESPONSABLEANTERIOR,FECHATRASLADO,MOTIVOTRASLADO,DIVISION) VALUES ('12-A-1-2020','12-A-1-2020','10114','10101','2020-11-25','CAMBIO ADMINISTRATIVO','Ingenieria');
UPDATE BIEN SET EncargadoActual='10114', division='Ingenieria' WHERE NOINVENTARIO='12-A-1-2020';

INSERT INTO TRASLADO(NOINVENTARIO,NOTARJETA, RESPONSABLENUEVO,RESPONSABLEANTERIOR,FECHATRASLADO,MOTIVOTRASLADO,DIVISION) VALUES ('12-A-1-2020','12-A-1-2020','10110','10114','2020-11-26','CAMBIO DESEADO POR LOS INVOLUCRADOS','Ingenieria');
UPDATE BIEN SET EncargadoActual='10110', division='Ingenieria' WHERE NOINVENTARIO='12-A-1-2020';

INSERT INTO TRASLADO(NOINVENTARIO,NOTARJETA, RESPONSABLENUEVO,RESPONSABLEANTERIOR,FECHATRASLADO,MOTIVOTRASLADO,DIVISION) VALUES ('12-A-1-2020','12-A-1-2020','10101','10110','2020-11-27','CAMBIO ADMINISTRATIVO','Ingenieria');
UPDATE BIEN SET EncargadoActual='10101', division='Ingenieria' WHERE NOINVENTARIO='12-A-1-2020';

INSERT INTO TRASLADO(NOINVENTARIO,NOTARJETA, RESPONSABLENUEVO,RESPONSABLEANTERIOR,FECHATRASLADO,MOTIVOTRASLADO,DIVISION) VALUES ('12-A-1-2020','12-A-1-2020','10114','10101','2020-11-28','CAMBIO ADMINISTRATIVO','Ingenieria');
UPDATE BIEN SET EncargadoActual='10114', division='Ingenieria' WHERE NOINVENTARIO='12-A-1-2020';

INSERT INTO TRASLADO(NOINVENTARIO,NOTARJETA, RESPONSABLENUEVO,RESPONSABLEANTERIOR,FECHATRASLADO,MOTIVOTRASLADO,DIVISION) VALUES ('12-A-1-2020','12-A-1-2020','10110','10114','2020-11-29','CAMBIO DESEADO POR LOS INVOLUCRADOS','Ingenieria');
UPDATE BIEN SET EncargadoActual='10110', division='Ingenieria' WHERE NOINVENTARIO='12-A-1-2020';

INSERT INTO TRASLADO(NOINVENTARIO,NOTARJETA, RESPONSABLENUEVO,RESPONSABLEANTERIOR,FECHATRASLADO,MOTIVOTRASLADO,DIVISION) VALUES ('12-A-1-2020','12-A-1-2020','10101','10110','2020-11-30','CAMBIO ADMINISTRATIVO','Ingenieria');
UPDATE BIEN SET EncargadoActual='10101', division='Ingenieria' WHERE NOINVENTARIO='12-A-1-2020';

INSERT INTO TRASLADO(NOINVENTARIO,NOTARJETA, RESPONSABLENUEVO,RESPONSABLEANTERIOR,FECHATRASLADO,MOTIVOTRASLADO,DIVISION) VALUES ('12-A-1-2020','12-A-1-2020','10114','10101','2020-12-01','CAMBIO ADMINISTRATIVO','Ingenieria');
UPDATE BIEN SET EncargadoActual='10114', division='Ingenieria' WHERE NOINVENTARIO='12-A-1-2020';

INSERT INTO TRASLADO(NOINVENTARIO,NOTARJETA, RESPONSABLENUEVO,RESPONSABLEANTERIOR,FECHATRASLADO,MOTIVOTRASLADO,DIVISION) VALUES ('12-A-1-2020','12-A-1-2020','10110','10114','2020-12-02','CAMBIO DESEADO POR LOS INVOLUCRADOS','Ingenieria');
UPDATE BIEN SET EncargadoActual='10110', division='Ingenieria' WHERE NOINVENTARIO='12-A-1-2020';
/**/


/**/
INSERT INTO TRASLADO(NOINVENTARIO,NOTARJETA, RESPONSABLENUEVO,RESPONSABLEANTERIOR,FECHATRASLADO,MOTIVOTRASLADO,DIVISION) VALUES ('12-B-2-2020','12-B-2-2020','10109','10102','2020-10-01','CAMBIO DESEADO POR LOS INVOLUCRADOS','Odontologia');
UPDATE BIEN SET EncargadoActual='10109', division='Odontologia' WHERE NOINVENTARIO='12-B-2-2020';

INSERT INTO TRASLADO(NOINVENTARIO,NOTARJETA, RESPONSABLENUEVO,RESPONSABLEANTERIOR,FECHATRASLADO,MOTIVOTRASLADO,DIVISION) VALUES ('12-B-2-2020','12-B-2-2020','10113','10109','2020-11-02','CAMBIO ADMINISTRATIVO','Odontologia');
UPDATE BIEN SET EncargadoActual='10113', division='Odontologia' WHERE NOINVENTARIO='12-B-2-2020';

INSERT INTO TRASLADO(NOINVENTARIO,NOTARJETA, RESPONSABLENUEVO,RESPONSABLEANTERIOR,FECHATRASLADO,MOTIVOTRASLADO,DIVISION) VALUES ('12-B-2-2020','12-B-2-2020','10106','10113','2020-11-03','CAMBIO DESEADO POR LOS INVOLUCRADOS','Odontologia');
UPDATE BIEN SET EncargadoActual='10106', division='Odontologia' WHERE NOINVENTARIO='12-B-2-2020';

INSERT INTO TRASLADO(NOINVENTARIO,NOTARJETA, RESPONSABLENUEVO,RESPONSABLEANTERIOR,FECHATRASLADO,MOTIVOTRASLADO,DIVISION) VALUES ('12-B-2-2020','12-B-2-2020','10102','10106','2020-11-04','CAMBIO DESEADO POR LOS INVOLUCRADOS','Odontologia');
UPDATE BIEN SET EncargadoActual='10102', division='Odontologia' WHERE NOINVENTARIO='12-B-2-2020';

INSERT INTO TRASLADO(NOINVENTARIO,NOTARJETA, RESPONSABLENUEVO,RESPONSABLEANTERIOR,FECHATRASLADO,MOTIVOTRASLADO,DIVISION) VALUES ('12-B-2-2020','12-B-2-2020','10109','10102','2020-11-05','CAMBIO ADMINISTRATIVO','Odontologia');
UPDATE BIEN SET EncargadoActual='10109', division='Odontologia' WHERE NOINVENTARIO='12-B-2-2020';

INSERT INTO TRASLADO(NOINVENTARIO,NOTARJETA, RESPONSABLENUEVO,RESPONSABLEANTERIOR,FECHATRASLADO,MOTIVOTRASLADO,DIVISION) VALUES ('12-B-2-2020','12-B-2-2020','10113','10109','2020-11-06','CAMBIO DESEADO POR LOS INVOLUCRADOS','Odontologia');
UPDATE BIEN SET EncargadoActual='10113', division='Odontologia' WHERE NOINVENTARIO='12-B-2-2020';

INSERT INTO TRASLADO(NOINVENTARIO,NOTARJETA, RESPONSABLENUEVO,RESPONSABLEANTERIOR,FECHATRASLADO,MOTIVOTRASLADO,DIVISION) VALUES ('12-B-2-2020','12-B-2-2020','10106','10113','2020-11-07','CAMBIO DESEADO POR LOS INVOLUCRADOS','Odontologia');
UPDATE BIEN SET EncargadoActual='10106', division='Odontologia' WHERE NOINVENTARIO='12-B-2-2020';

INSERT INTO TRASLADO(NOINVENTARIO,NOTARJETA, RESPONSABLENUEVO,RESPONSABLEANTERIOR,FECHATRASLADO,MOTIVOTRASLADO,DIVISION) VALUES ('12-B-2-2020','12-B-2-2020','10102','10106','2020-11-08','CAMBIO ADMINISTRATIVO','Odontologia');
UPDATE BIEN SET EncargadoActual='10102', division='Odontologia' WHERE NOINVENTARIO='12-B-2-2020';

INSERT INTO TRASLADO(NOINVENTARIO,NOTARJETA, RESPONSABLENUEVO,RESPONSABLEANTERIOR,FECHATRASLADO,MOTIVOTRASLADO,DIVISION) VALUES ('12-B-2-2020','12-B-2-2020','10109','10102','2020-11-09','CAMBIO DESEADO POR LOS INVOLUCRADOS','Odontologia');
UPDATE BIEN SET EncargadoActual='10109', division='Odontologia' WHERE NOINVENTARIO='12-B-2-2020';


INSERT INTO TRASLADO(NOINVENTARIO,NOTARJETA, RESPONSABLENUEVO,RESPONSABLEANTERIOR,FECHATRASLADO,MOTIVOTRASLADO,DIVISION) VALUES ('12-B-2-2020','12-B-2-2020','10113','10109','2020-11-10','CAMBIO DESEADO POR LOS INVOLUCRADOS','Odontologia');
UPDATE BIEN SET EncargadoActual='10113', division='Odontologia' WHERE NOINVENTARIO='12-B-2-2020';

INSERT INTO TRASLADO(NOINVENTARIO,NOTARJETA, RESPONSABLENUEVO,RESPONSABLEANTERIOR,FECHATRASLADO,MOTIVOTRASLADO,DIVISION) VALUES ('12-B-2-2020','12-B-2-2020','10106','10113','2020-11-11','CAMBIO DESEADO POR LOS INVOLUCRADOS','Odontologia');
UPDATE BIEN SET EncargadoActual='10106', division='Odontologia' WHERE NOINVENTARIO='12-B-2-2020';

INSERT INTO TRASLADO(NOINVENTARIO,NOTARJETA, RESPONSABLENUEVO,RESPONSABLEANTERIOR,FECHATRASLADO,MOTIVOTRASLADO,DIVISION) VALUES ('12-B-2-2020','12-B-2-2020','10102','10106','2020-11-12','CAMBIO ADMINISTRATIVO','Odontologia');
UPDATE BIEN SET EncargadoActual='10102', division='Odontologia' WHERE NOINVENTARIO='12-B-2-2020';

INSERT INTO TRASLADO(NOINVENTARIO,NOTARJETA, RESPONSABLENUEVO,RESPONSABLEANTERIOR,FECHATRASLADO,MOTIVOTRASLADO,DIVISION) VALUES ('12-B-2-2020','12-B-2-2020','10109','10102','2020-11-13','CAMBIO DESEADO POR LOS INVOLUCRADOS','Odontologia');
UPDATE BIEN SET EncargadoActual='10109', division='Odontologia' WHERE NOINVENTARIO='12-B-2-2020';

INSERT INTO TRASLADO(NOINVENTARIO,NOTARJETA, RESPONSABLENUEVO,RESPONSABLEANTERIOR,FECHATRASLADO,MOTIVOTRASLADO,DIVISION) VALUES ('12-B-2-2020','12-B-2-2020','10113','10109','2020-11-14','CAMBIO ADMINISTRATIVO','Odontologia');
UPDATE BIEN SET EncargadoActual='10113', division='Odontologia' WHERE NOINVENTARIO='12-B-2-2020';

INSERT INTO TRASLADO(NOINVENTARIO,NOTARJETA, RESPONSABLENUEVO,RESPONSABLEANTERIOR,FECHATRASLADO,MOTIVOTRASLADO,DIVISION) VALUES ('12-B-2-2020','12-B-2-2020','10106','10113','2020-11-15','CAMBIO DESEADO POR LOS INVOLUCRADOS','Odontologia');
UPDATE BIEN SET EncargadoActual='10106', division='Odontologia' WHERE NOINVENTARIO='12-B-2-2020';

INSERT INTO TRASLADO(NOINVENTARIO,NOTARJETA, RESPONSABLENUEVO,RESPONSABLEANTERIOR,FECHATRASLADO,MOTIVOTRASLADO,DIVISION) VALUES ('12-B-2-2020','12-B-2-2020','10102','10106','2020-11-16','CAMBIO DESEADO POR LOS INVOLUCRADOS','Odontologia');
UPDATE BIEN SET EncargadoActual='10102', division='Odontologia' WHERE NOINVENTARIO='12-B-2-2020';

/**/



/**/

INSERT INTO TRASLADO(NOINVENTARIO,NOTARJETA, RESPONSABLENUEVO,RESPONSABLEANTERIOR,FECHATRASLADO,MOTIVOTRASLADO,DIVISION) VALUES ('12-D-4-2020','12-D-4-2020','10104','10115','2020-11-11','CAMBIO DESEADO POR LOS INVOLUCRADOS','Medicina');
UPDATE BIEN SET EncargadoActual='10104', division='Medicina' WHERE NOINVENTARIO='12-D-4-2020';

INSERT INTO TRASLADO(NOINVENTARIO,NOTARJETA, RESPONSABLENUEVO,RESPONSABLEANTERIOR,FECHATRASLADO,MOTIVOTRASLADO,DIVISION) VALUES ('12-D-4-2020','12-D-4-2020','10107','10104','2020-11-12','CAMBIO DESEADO POR LOS INVOLUCRADOS','Medicina');
UPDATE BIEN SET EncargadoActual='10107' , division='Medicina' WHERE NOINVENTARIO='12-D-4-2020';

INSERT INTO TRASLADO(NOINVENTARIO,NOTARJETA, RESPONSABLENUEVO,RESPONSABLEANTERIOR,FECHATRASLADO,MOTIVOTRASLADO,DIVISION) VALUES ('12-D-4-2020','12-D-4-2020','10111','10107','2020-11-13','CAMBIO ADMINISTRATIVO','Medicina');
UPDATE BIEN SET EncargadoActual='10111', division='Medicina' WHERE NOINVENTARIO='12-D-4-2020';

INSERT INTO TRASLADO(NOINVENTARIO,NOTARJETA, RESPONSABLENUEVO,RESPONSABLEANTERIOR,FECHATRASLADO,MOTIVOTRASLADO,DIVISION) VALUES ('12-D-4-2020','12-D-4-2020','10115','10111','2020-11-14','CAMBIO DESEADO POR LOS INVOLUCRADOS','Medicina');
UPDATE BIEN SET EncargadoActual='10115', division='Medicina' WHERE NOINVENTARIO='12-D-4-2020';

INSERT INTO TRASLADO(NOINVENTARIO,NOTARJETA, RESPONSABLENUEVO,RESPONSABLEANTERIOR,FECHATRASLADO,MOTIVOTRASLADO,DIVISION) VALUES ('12-D-4-2020','12-D-4-2020','10104','10115','2020-11-15','CAMBIO DESEADO POR LOS INVOLUCRADOS','Medicina');
UPDATE BIEN SET EncargadoActual='10104', division='Medicina' WHERE NOINVENTARIO='12-D-4-2020';

INSERT INTO TRASLADO(NOINVENTARIO,NOTARJETA, RESPONSABLENUEVO,RESPONSABLEANTERIOR,FECHATRASLADO,MOTIVOTRASLADO,DIVISION) VALUES ('12-D-4-2020','12-D-4-2020','10107','10104','2020-11-16','CAMBIO DESEADO POR LOS INVOLUCRADOS','Medicina');
UPDATE BIEN SET EncargadoActual='10107', division='Medicina' WHERE NOINVENTARIO='12-D-4-2020';

INSERT INTO TRASLADO(NOINVENTARIO,NOTARJETA, RESPONSABLENUEVO,RESPONSABLEANTERIOR,FECHATRASLADO,MOTIVOTRASLADO,DIVISION) VALUES ('12-D-4-2020','12-D-4-2020','10111','10107','2020-11-17','CAMBIO ADMINISTRATIVO','Medicina');
UPDATE BIEN SET EncargadoActual='10111' WHERE NOINVENTARIO='12-D-4-2020';

INSERT INTO TRASLADO(NOINVENTARIO,NOTARJETA, RESPONSABLENUEVO,RESPONSABLEANTERIOR,FECHATRASLADO,MOTIVOTRASLADO,DIVISION) VALUES ('12-D-4-2020','12-D-4-2020','10115','10111','2020-11-18','CAMBIO DESEADO POR LOS INVOLUCRADOS','Medicina');
UPDATE BIEN SET EncargadoActual='10115', division='Medicina' WHERE NOINVENTARIO='12-D-4-2020';

INSERT INTO TRASLADO(NOINVENTARIO,NOTARJETA, RESPONSABLENUEVO,RESPONSABLEANTERIOR,FECHATRASLADO,MOTIVOTRASLADO,DIVISION) VALUES ('12-D-4-2020','12-D-4-2020','10104','10115','2020-11-19','CAMBIO DESEADO POR LOS INVOLUCRADOS','Medicina');
UPDATE BIEN SET EncargadoActual='10104', division='Medicina' WHERE NOINVENTARIO='12-D-4-2020';

INSERT INTO TRASLADO(NOINVENTARIO,NOTARJETA, RESPONSABLENUEVO,RESPONSABLEANTERIOR,FECHATRASLADO,MOTIVOTRASLADO,DIVISION) VALUES ('12-D-4-2020','12-D-4-2020','10107','10104','2020-11-20','CAMBIO DESEADO POR LOS INVOLUCRADOS','Medicina');
UPDATE BIEN SET EncargadoActual='10107' WHERE NOINVENTARIO='12-D-4-2020';

INSERT INTO TRASLADO(NOINVENTARIO,NOTARJETA, RESPONSABLENUEVO,RESPONSABLEANTERIOR,FECHATRASLADO,MOTIVOTRASLADO,DIVISION) VALUES ('12-D-4-2020','12-D-4-2020','10111','10107','2020-11-21','CAMBIO ADMINISTRATIVO','Medicina');
UPDATE BIEN SET EncargadoActual='10111', division='Medicina' WHERE NOINVENTARIO='12-D-4-2020';

INSERT INTO TRASLADO(NOINVENTARIO,NOTARJETA, RESPONSABLENUEVO,RESPONSABLEANTERIOR,FECHATRASLADO,MOTIVOTRASLADO,DIVISION) VALUES ('12-D-4-2020','12-D-4-2020','10115','10111','2020-11-22','CAMBIO DESEADO POR LOS INVOLUCRADOS','Medicina');
UPDATE BIEN SET EncargadoActual='10115', division='Medicina' WHERE NOINVENTARIO='12-D-4-2020';

INSERT INTO TRASLADO(NOINVENTARIO,NOTARJETA, RESPONSABLENUEVO,RESPONSABLEANTERIOR,FECHATRASLADO,MOTIVOTRASLADO,DIVISION) VALUES ('12-D-4-2020','12-D-4-2020','10104','10115','2020-11-23','CAMBIO DESEADO POR LOS INVOLUCRADOS','Medicina');
UPDATE BIEN SET EncargadoActual='10104', division='Medicina' WHERE NOINVENTARIO='12-D-4-2020';

INSERT INTO TRASLADO(NOINVENTARIO,NOTARJETA, RESPONSABLENUEVO,RESPONSABLEANTERIOR,FECHATRASLADO,MOTIVOTRASLADO,DIVISION) VALUES ('12-D-4-2020','12-D-4-2020','10107','10104','2020-11-24','CAMBIO DESEADO POR LOS INVOLUCRADOS','Medicina');
UPDATE BIEN SET EncargadoActual='10107', division='Medicina' WHERE NOINVENTARIO='12-D-4-2020';

INSERT INTO TRASLADO(NOINVENTARIO,NOTARJETA, RESPONSABLENUEVO,RESPONSABLEANTERIOR,FECHATRASLADO,MOTIVOTRASLADO,DIVISION) VALUES ('12-D-4-2020','12-D-4-2020','10111','10107','2020-11-25','CAMBIO ADMINISTRATIVO','Medicina');
UPDATE BIEN SET EncargadoActual='10111', division='Medicina' WHERE NOINVENTARIO='12-D-4-2020';

INSERT INTO TRASLADO(NOINVENTARIO,NOTARJETA, RESPONSABLENUEVO,RESPONSABLEANTERIOR,FECHATRASLADO,MOTIVOTRASLADO,DIVISION) VALUES ('12-D-4-2020','12-D-4-2020','10115','10111','2020-11-26','CAMBIO DESEADO POR LOS INVOLUCRADOS','Medicina');
UPDATE BIEN SET EncargadoActual='10115', division='Medicina' WHERE NOINVENTARIO='12-D-4-2020';

/**/



/**/
INSERT INTO TRASLADO(NOINVENTARIO,NOTARJETA, RESPONSABLENUEVO,RESPONSABLEANTERIOR,FECHATRASLADO,MOTIVOTRASLADO,DIVISION) VALUES ('12-F-1-2020','12-F-1-2020','10101','10110','2020-11-12','CAMBIO DESEADO POR LOS INVOLUCRADOS','Ingenieria');
UPDATE BIEN SET EncargadoActual='10101', division='Ingenieria' WHERE NOINVENTARIO='12-F-1-2020';

INSERT INTO TRASLADO(NOINVENTARIO,NOTARJETA, RESPONSABLENUEVO,RESPONSABLEANTERIOR,FECHATRASLADO,MOTIVOTRASLADO,DIVISION) VALUES ('12-F-1-2020','12-F-1-2020','10114','10101','2020-11-13','CAMBIO DESEADO POR LOS INVOLUCRADOS','Ingenieria');
UPDATE BIEN SET EncargadoActual='10114', division='Ingenieria' WHERE NOINVENTARIO='12-F-1-2020';

INSERT INTO TRASLADO(NOINVENTARIO,NOTARJETA, RESPONSABLENUEVO,RESPONSABLEANTERIOR,FECHATRASLADO,MOTIVOTRASLADO,DIVISION) VALUES ('12-F-1-2020','12-F-1-2020','10110','10114','2020-11-14','CAMBIO DESEADO POR LOS INVOLUCRADOS','Ingenieria');
UPDATE BIEN SET EncargadoActual='10110', division='Ingenieria' WHERE NOINVENTARIO='12-F-1-2020';

INSERT INTO TRASLADO(NOINVENTARIO,NOTARJETA, RESPONSABLENUEVO,RESPONSABLEANTERIOR,FECHATRASLADO,MOTIVOTRASLADO,DIVISION) VALUES ('12-F-1-2020','12-F-1-2020','10101','10110','2020-11-15','CAMBIO ADMINISTRATIVO','Ingenieria');
UPDATE BIEN SET EncargadoActual='10101', division='Ingenieria' WHERE NOINVENTARIO='12-F-1-2020';

INSERT INTO TRASLADO(NOINVENTARIO,NOTARJETA, RESPONSABLENUEVO,RESPONSABLEANTERIOR,FECHATRASLADO,MOTIVOTRASLADO,DIVISION) VALUES ('12-F-1-2020','12-F-1-2020','10114','10101','2020-11-16','CAMBIO ADMINISTRATIVO','Ingenieria');
UPDATE BIEN SET EncargadoActual='10114', division='Ingenieria' WHERE NOINVENTARIO='12-F-1-2020';

INSERT INTO TRASLADO(NOINVENTARIO,NOTARJETA, RESPONSABLENUEVO,RESPONSABLEANTERIOR,FECHATRASLADO,MOTIVOTRASLADO,DIVISION) VALUES ('12-F-1-2020','12-F-1-2020','10110','10114','2020-11-17','CAMBIO DESEADO POR LOS INVOLUCRADOS','Ingenieria');
UPDATE BIEN SET EncargadoActual='10110', division='Ingenieria' WHERE NOINVENTARIO='12-F-1-2020';

INSERT INTO TRASLADO(NOINVENTARIO,NOTARJETA, RESPONSABLENUEVO,RESPONSABLEANTERIOR,FECHATRASLADO,MOTIVOTRASLADO,DIVISION) VALUES ('12-F-1-2020','12-F-1-2020','10101','10110','2020-11-18','CAMBIO DESEADO POR LOS INVOLUCRADOS','Ingenieria');
UPDATE BIEN SET EncargadoActual='10101', division='Ingenieria' WHERE NOINVENTARIO='12-F-1-2020';

INSERT INTO TRASLADO(NOINVENTARIO,NOTARJETA, RESPONSABLENUEVO,RESPONSABLEANTERIOR,FECHATRASLADO,MOTIVOTRASLADO,DIVISION) VALUES ('12-F-1-2020','12-F-1-2020','10114','10101','2020-11-19','CAMBIO ADMINISTRATIVO','Ingenieria');
UPDATE BIEN SET EncargadoActual='10114', division='Ingenieria' WHERE NOINVENTARIO='12-F-1-2020';

INSERT INTO TRASLADO(NOINVENTARIO,NOTARJETA, RESPONSABLENUEVO,RESPONSABLEANTERIOR,FECHATRASLADO,MOTIVOTRASLADO,DIVISION) VALUES ('12-F-1-2020','12-F-1-2020','10110','10114','2020-11-20','CAMBIO ADMINISTRATIVO','Ingenieria');
UPDATE BIEN SET EncargadoActual='10110', division='Ingenieria' WHERE NOINVENTARIO='12-F-1-2020';

INSERT INTO TRASLADO(NOINVENTARIO,NOTARJETA, RESPONSABLENUEVO,RESPONSABLEANTERIOR,FECHATRASLADO,MOTIVOTRASLADO,DIVISION) VALUES ('12-F-1-2020','12-F-1-2020','10101','10110','2020-11-21','CAMBIO ADMINISTRATIVO','Ingenieria');
UPDATE BIEN SET EncargadoActual='10101', division='Ingenieria' WHERE NOINVENTARIO='12-F-1-2020';

INSERT INTO TRASLADO(NOINVENTARIO,NOTARJETA, RESPONSABLENUEVO,RESPONSABLEANTERIOR,FECHATRASLADO,MOTIVOTRASLADO,DIVISION) VALUES ('12-F-1-2020','12-F-1-2020','10114','10101','2020-11-22','CAMBIO ADMINISTRATIVO','Ingenieria');
UPDATE BIEN SET EncargadoActual='10114', division='Ingenieria' WHERE NOINVENTARIO='12-F-1-2020';

INSERT INTO TRASLADO(NOINVENTARIO,NOTARJETA, RESPONSABLENUEVO,RESPONSABLEANTERIOR,FECHATRASLADO,MOTIVOTRASLADO,DIVISION) VALUES ('12-F-1-2020','12-F-1-2020','10110','10114','2020-11-23','CAMBIO DESEADO POR LOS INVOLUCRADOS','Ingenieria');
UPDATE BIEN SET EncargadoActual='10110', division='Ingenieria' WHERE NOINVENTARIO='12-F-1-2020';


INSERT INTO TRASLADO(NOINVENTARIO,NOTARJETA, RESPONSABLENUEVO,RESPONSABLEANTERIOR,FECHATRASLADO,MOTIVOTRASLADO,DIVISION) VALUES ('12-F-1-2020','12-F-1-2020','10101','10110','2020-11-24','CAMBIO ADMINISTRATIVO','Ingenieria');
UPDATE BIEN SET EncargadoActual='10101', division='Ingenieria' WHERE NOINVENTARIO='12-F-1-2020';

INSERT INTO TRASLADO(NOINVENTARIO,NOTARJETA, RESPONSABLENUEVO,RESPONSABLEANTERIOR,FECHATRASLADO,MOTIVOTRASLADO,DIVISION) VALUES ('12-F-1-2020','12-F-1-2020','10114','10101','2020-11-25','CAMBIO ADMINISTRATIVO','Ingenieria');
UPDATE BIEN SET EncargadoActual='10114', division='Ingenieria' WHERE NOINVENTARIO='12-F-1-2020';

INSERT INTO TRASLADO(NOINVENTARIO,NOTARJETA, RESPONSABLENUEVO,RESPONSABLEANTERIOR,FECHATRASLADO,MOTIVOTRASLADO,DIVISION) VALUES ('12-F-1-2020','12-F-1-2020','10110','10114','2020-11-26','CAMBIO DESEADO POR LOS INVOLUCRADOS','Ingenieria');
UPDATE BIEN SET EncargadoActual='10110', division='Ingenieria' WHERE NOINVENTARIO='12-F-1-2020';

INSERT INTO TRASLADO(NOINVENTARIO,NOTARJETA, RESPONSABLENUEVO,RESPONSABLEANTERIOR,FECHATRASLADO,MOTIVOTRASLADO,DIVISION) VALUES ('12-F-1-2020','12-F-1-2020','10101','10110','2020-11-27','CAMBIO ADMINISTRATIVO','Ingenieria');
UPDATE BIEN SET EncargadoActual='10101', division='Ingenieria' WHERE NOINVENTARIO='12-F-1-2020';

INSERT INTO TRASLADO(NOINVENTARIO,NOTARJETA, RESPONSABLENUEVO,RESPONSABLEANTERIOR,FECHATRASLADO,MOTIVOTRASLADO,DIVISION) VALUES ('12-F-1-2020','12-F-1-2020','10114','10101','2020-11-28','CAMBIO ADMINISTRATIVO','Ingenieria');
UPDATE BIEN SET EncargadoActual='10114', division='Ingenieria' WHERE NOINVENTARIO='12-F-1-2020';

INSERT INTO TRASLADO(NOINVENTARIO,NOTARJETA, RESPONSABLENUEVO,RESPONSABLEANTERIOR,FECHATRASLADO,MOTIVOTRASLADO,DIVISION) VALUES ('12-F-1-2020','12-F-1-2020','10110','10114','2020-11-29','CAMBIO DESEADO POR LOS INVOLUCRADOS','Ingenieria');
UPDATE BIEN SET EncargadoActual='10110', division='Ingenieria' WHERE NOINVENTARIO='12-F-1-2020';

INSERT INTO TRASLADO(NOINVENTARIO,NOTARJETA, RESPONSABLENUEVO,RESPONSABLEANTERIOR,FECHATRASLADO,MOTIVOTRASLADO,DIVISION) VALUES ('12-F-1-2020','12-F-1-2020','10101','10110','2020-11-30','CAMBIO ADMINISTRATIVO','Ingenieria');
UPDATE BIEN SET EncargadoActual='10101', division='Ingenieria' WHERE NOINVENTARIO='12-F-1-2020';

INSERT INTO TRASLADO(NOINVENTARIO,NOTARJETA, RESPONSABLENUEVO,RESPONSABLEANTERIOR,FECHATRASLADO,MOTIVOTRASLADO,DIVISION) VALUES ('12-F-1-2020','12-F-1-2020','10114','10101','2020-12-01','CAMBIO ADMINISTRATIVO','Ingenieria');
UPDATE BIEN SET EncargadoActual='10114', division='Ingenieria' WHERE NOINVENTARIO='12-F-1-2020';

INSERT INTO TRASLADO(NOINVENTARIO,NOTARJETA, RESPONSABLENUEVO,RESPONSABLEANTERIOR,FECHATRASLADO,MOTIVOTRASLADO,DIVISION) VALUES ('12-F-1-2020','12-F-1-2020','10110','10114','2020-12-02','CAMBIO DESEADO POR LOS INVOLUCRADOS','Ingenieria');
UPDATE BIEN SET EncargadoActual='10110', division='Ingenieria' WHERE NOINVENTARIO='12-F-1-2020';
/**/





/*BAJA DE BIENES*/

/**/

INSERT INTO BAJABIEN(NOINVENTARIO,NOACUERDOCONSEJO,NOREFERENCIAAUDITORIA,FECHABAJA) VALUES ('12-A-5-2020','1','1','2020-12-5');

INSERT INTO BAJABIEN(NOINVENTARIO,NOACUERDOCONSEJO,NOREFERENCIAAUDITORIA,FECHABAJA) VALUES ('12-B-5-2020','2','2','2020-12-6');

INSERT INTO BAJABIEN(NOINVENTARIO,NOACUERDOCONSEJO,NOREFERENCIAAUDITORIA,FECHABAJA) VALUES ('12-C-5-2020','3','3','2020-12-7');

INSERT INTO BAJABIEN(NOINVENTARIO,NOACUERDOCONSEJO,NOREFERENCIAAUDITORIA,FECHABAJA) VALUES ('12-D-5-2020','4','4','2020-12-8');

INSERT INTO BAJABIEN(NOINVENTARIO,NOACUERDOCONSEJO,NOREFERENCIAAUDITORIA,FECHABAJA) VALUES ('12-E-5-2020','5','5','2020-12-9');

INSERT INTO BAJABIEN(NOINVENTARIO,NOACUERDOCONSEJO,NOREFERENCIAAUDITORIA,FECHABAJA) VALUES ('12-F-5-2020','6','6','2020-12-10');

INSERT INTO BAJABIEN(NOINVENTARIO,NOACUERDOCONSEJO,NOREFERENCIAAUDITORIA,FECHABAJA) VALUES ('12-G-5-2020','7','7','2020-12-11');

INSERT INTO BAJABIEN(NOINVENTARIO,NOACUERDOCONSEJO,NOREFERENCIAAUDITORIA,FECHABAJA) VALUES ('12-H-5-2020','8','8','2020-12-12');

INSERT INTO BAJABIEN(NOINVENTARIO,NOACUERDOCONSEJO,NOREFERENCIAAUDITORIA,FECHABAJA) VALUES ('12-I-5-2020','9','9','2020-12-13');

INSERT INTO BAJABIEN(NOINVENTARIO,NOACUERDOCONSEJO,NOREFERENCIAAUDITORIA,FECHABAJA) VALUES ('12-J-5-2020','10','10','2020-12-14');

/**/
   

































